{"file:///d%3A/Documents/Development/vscode-counter/src/vscode-utils.ts":{"language":"TypeScript","code":130,"comment":29,"blank":10},"file:///d%3A/Documents/Development/vscode-counter/src/test/runTest.ts":{"language":"TypeScript","code":13,"comment":5,"blank":5},"file:///d%3A/Documents/Development/vscode-counter/src/LineCounterTable.ts":{"language":"TypeScript","code":53,"comment":5,"blank":4},"file:///d%3A/Documents/Development/vscode-counter/src/LineCounter.ts":{"language":"TypeScript","code":138,"comment":7,"blank":3},"file:///d%3A/Documents/Development/vscode-counter/src/internalDefinitions.ts":{"language":"TypeScript","code":23,"comment":0,"blank":1},"file:///d%3A/Documents/Development/vscode-counter/src/Gitignore.ts":{"language":"TypeScript","code":62,"comment":6,"blank":3},"file:///d%3A/Documents/Development/vscode-counter/src/extension.ts":{"language":"TypeScript","code":750,"comment":35,"blank":43},"file:///d%3A/Documents/Development/vscode-counter/src/test/suite/index.ts":{"language":"TypeScript","code":28,"comment":4,"blank":5},"file:///d%3A/Documents/Development/vscode-counter/src/test/suite/extension.test.ts":{"language":"TypeScript","code":9,"comment":3,"blank":3},"file:///d%3A/Documents/Development/vscode-counter/src/test/suite/Gitignore.test.ts":{"language":"TypeScript","code":12,"comment":2,"blank":3}}